Unnamed: 0,1_0_1,1_0_2,1_0_3,1_180_1,1_180_2,1_180_3
AAAGAC,1.0,17164.0,9344.0,9243.0,8284.0,8326.0
AAGAAC,1.0,20900.0,8598.0,13970.0,13378.0,14497.0
AATACA,1.0,85.0,27.0,46.0,52.0,35.0
AATGCA,1.0,60.0,17.0,25.0,19.0,26.0
AGAAAC,1.0,12084.0,6863.0,6989.0,7354.0,6557.0
AGAGCC,1.0,7175.0,3587.0,2353.0,2758.0,1973.0
AGGGAA,1.0,17188.0,8685.0,7767.0,7076.0,7492.0
GAATCC,1.0,52.0,21.0,18.0,14.0,13.0
GAGGAC,1.0,13020.0,7815.0,5751.0,6205.0,5281.0
GGAGAC,1.0,7212.0,4796.0,4261.0,3803.0,3417.0
GGGGCA,1.0,12059.0,4457.0,3994.0,4065.0,4181.0
GGGGCC,1.0,7367.0,2596.0,1898.0,2633.0,1897.0
GGTACA,1.0,218.0,16.0,17.0,14.0,10.0
GTAACA,1.0,40.0,13.0,12.0,10.0,11.0
TAAAAA,1.0,117.0,72.0,96.0,90.0,98.0
TAGACA,1.0,73.0,56.0,87.0,47.0,53.0
TGGACA,1.0,45.0,20.0,25.0,30.0,37.0
AAAGCC,2.0,14306.0,5064.0,5149.0,4628.0,4934.0
AGAGCA,2.0,12289.0,5359.0,3973.0,4768.0,3509.0
AGGGCC,2.0,9711.0,4149.0,2671.0,2731.0,3320.0
GGGAAC,2.0,14292.0,6603.0,6985.0,6215.0,6476.0
GGGGAA,2.0,13694.0,8670.0,7064.0,6193.0,6329.0
GGGGAC,2.0,8332.0,3617.0,3094.0,3083.0,3011.0
AAAAAC,3.0,20708.0,11366.0,15259.0,12437.0,13409.0
AAGGCA,3.0,24036.0,9981.0,11817.0,10815.0,9797.0
AGAGAC,3.0,11101.0,4055.0,5084.0,4796.0,4718.0
AGGGCA,3.0,14733.0,5805.0,4818.0,5040.0,4797.0
GAAACC,3.0,19514.0,6840.0,8069.0,7140.0,7370.0
GGAACA,3.0,15551.0,8094.0,6226.0,6339.0,5888.0
GGGACA,3.0,19454.0,8242.0,5986.0,6768.0,7256.0
AAGACA,4.0,32574.0,15568.0,18114.0,15254.0,17440.0
AAGACC,4.0,16771.0,8508.0,10973.0,10207.0,10723.0
AAGGAC,4.0,14205.0,7676.0,7962.0,8194.0,8257.0
AGAACC,4.0,15170.0,5005.0,5999.0,4159.0,5683.0
GAAAAC,4.0,21404.0,8489.0,11755.0,11109.0,11023.0
GAAGCA,4.0,18909.0,8714.0,6832.0,6776.0,6547.0
GAAGCC,4.0,12065.0,6449.0,3676.0,3481.0,3754.0
GAGGCA,4.0,17797.0,8768.0,6948.0,6960.0,6094.0
GGAAAA,4.0,18965.0,8322.0,10762.0,9904.0,8710.0
GGAGAA,4.0,14204.0,7752.0,6299.0,5794.0,7847.0
GGGAAA,4.0,18966.0,11936.0,10707.0,10550.0,10306.0
AAAGCA,5.0,22892.0,10974.0,9579.0,9108.0,8736.0
AAGGCC,5.0,11425.0,5406.0,5028.0,4982.0,4089.0
AGAACA,5.0,23975.0,10803.0,9413.0,9070.0,9327.0
AGGAAC,5.0,14495.0,4642.0,9439.0,7802.0,8228.0
GAAAAA,5.0,36799.0,18745.0,20647.0,19602.0,21308.0
GAAACA,5.0,26281.0,11564.0,12790.0,12412.0,12981.0
GAAGAC,5.0,14311.0,6547.0,6847.0,6457.0,6701.0
GAGACC,5.0,15154.0,7189.0,9904.0,8463.0,9836.0
GAGGAA,5.0,27250.0,10060.0,11538.0,10555.0,10121.0
GGAGCA,5.0,10861.0,3740.0,2986.0,3761.0,3400.0
AAGGAA,6.0,27165.0,13656.0,15040.0,14066.0,15046.0
GAGGCC,6.0,15338.0,6220.0,4611.0,4295.0,3422.0
AGAAAA,7.0,25250.0,10005.0,13613.0,12235.0,11616.0
AGAGAA,7.0,16951.0,6939.0,7266.0,7465.0,7765.0
AGGAAA,7.0,27078.0,11163.0,14104.0,14564.0,13423.0
AGGGAC,7.0,10735.0,3624.0,4516.0,5318.0,4765.0
GAAGAA,7.0,23847.0,10059.0,11554.0,10628.0,11165.0
GAGAAC,8.0,21378.0,7814.0,11493.0,9826.0,11755.0
AAAACA,9.0,30062.0,13580.0,17305.0,15881.0,16842.0
AAAGAA,9.0,23679.0,11968.0,16222.0,14700.0,13018.0
AAAAAA,10.0,34966.0,18089.0,26162.0,23830.0,23119.0
AGGACA,10.0,21944.0,9410.0,9539.0,10382.0,9539.0
GGAAAC,10.0,12115.0,6355.0,6313.0,6126.0,7637.0
GAGAAA,11.0,33343.0,12158.0,21947.0,18377.0,19993.0
AAGAAA,12.0,38939.0,16524.0,25797.0,21916.0,22774.0
AAAACC,13.0,16084.0,10280.0,10265.0,8436.0,9026.0
GAGACA,18.0,27233.0,14176.0,16043.0,14147.0,14485.0
AAAAGT,0.0,1.0,0.0,0.0,1.0,1.0
AAAATG,0.0,1.0,0.0,0.0,1.0,0.0
AAAGGG,0.0,1.0,0.0,0.0,1.0,0.0
AAAGGT,0.0,1.0,0.0,0.0,0.0,1.0
AAATAT,0.0,1.0,0.0,0.0,0.0,0.0
AAATGC,0.0,1.0,1.0,1.0,0.0,1.0
AACAAC,0.0,1.0,3.0,2.0,5.0,2.0
AACACG,0.0,1.0,0.0,0.0,0.0,1.0
AACTAA,0.0,1.0,0.0,0.0,0.0,1.0
AAGACN,0.0,1.0,0.0,0.0,0.0,0.0
AAGTGG,0.0,1.0,0.0,0.0,0.0,1.0
AAGTTA,0.0,1.0,0.0,2.0,0.0,0.0
AATATC,0.0,1.0,1.0,0.0,0.0,1.0
AATGGA,0.0,1.0,0.0,1.0,0.0,1.0
AATGTA,0.0,1.0,0.0,0.0,3.0,0.0
ACAAGA,0.0,1.0,0.0,1.0,0.0,0.0
ACAGCC,0.0,1.0,1.0,0.0,0.0,2.0
ACAGGA,0.0,1.0,0.0,0.0,0.0,0.0
ACATAA,0.0,1.0,0.0,0.0,2.0,0.0
ACATCA,0.0,1.0,0.0,1.0,0.0,1.0
ACTCCC,0.0,1.0,0.0,0.0,0.0,0.0
ACTTCA,0.0,1.0,0.0,0.0,0.0,0.0
AGATGA,0.0,1.0,0.0,0.0,1.0,1.0
AGATGC,0.0,1.0,0.0,0.0,0.0,0.0
AGCAAC,0.0,1.0,2.0,2.0,3.0,1.0
AGCGAC,0.0,1.0,0.0,2.0,1.0,2.0
AGGACN,0.0,1.0,0.0,0.0,0.0,0.0
AGGAGG,0.0,1.0,1.0,0.0,1.0,0.0
AGGGAT,0.0,1.0,2.0,2.0,1.0,0.0
AGGTTC,0.0,1.0,0.0,0.0,0.0,0.0
AGTAGA,0.0,1.0,0.0,0.0,1.0,0.0
AGTAGC,0.0,1.0,0.0,0.0,0.0,0.0
AGTATA,0.0,1.0,0.0,1.0,0.0,0.0
AGTGAG,0.0,1.0,0.0,0.0,0.0,0.0
AGTGGA,0.0,1.0,0.0,0.0,0.0,1.0
AGTGTC,0.0,1.0,1.0,1.0,0.0,0.0
AGTTAC,0.0,1.0,1.0,2.0,1.0,1.0
AGTTGA,0.0,1.0,0.0,0.0,0.0,0.0
ANAGCA,0.0,1.0,1.0,0.0,0.0,0.0
ANAGCC,0.0,1.0,1.0,0.0,0.0,0.0
ANGANA,0.0,1.0,0.0,0.0,0.0,0.0
ANGGAC,0.0,1.0,0.0,0.0,0.0,0.0
ANGGCC,0.0,1.0,0.0,0.0,0.0,0.0
ATAAGC,0.0,1.0,0.0,0.0,0.0,0.0
ATACAA,0.0,1.0,0.0,0.0,0.0,0.0
ATAGAT,0.0,1.0,0.0,0.0,0.0,0.0
ATAGGC,0.0,1.0,0.0,0.0,0.0,0.0
ATAGGG,0.0,1.0,0.0,0.0,0.0,0.0
ATGAGA,0.0,1.0,2.0,1.0,0.0,0.0
ATGATA,0.0,1.0,0.0,3.0,0.0,0.0
ATGCAA,0.0,1.0,0.0,0.0,0.0,1.0
ATGCGA,0.0,1.0,1.0,0.0,0.0,0.0
ATGGCT,0.0,1.0,0.0,0.0,0.0,1.0
ATGGGA,0.0,1.0,1.0,0.0,1.0,0.0
ATTATA,0.0,1.0,0.0,1.0,1.0,0.0
ATTGGA,0.0,1.0,0.0,0.0,0.0,0.0
ATTTAA,0.0,1.0,0.0,0.0,0.0,1.0
ATTTCA,0.0,1.0,0.0,0.0,0.0,0.0
CAATAA,0.0,1.0,1.0,0.0,0.0,0.0
CAATAC,0.0,1.0,0.0,1.0,0.0,0.0
CAATGA,0.0,1.0,0.0,0.0,0.0,0.0
CACACC,0.0,1.0,0.0,0.0,1.0,0.0
CACGAC,0.0,1.0,0.0,0.0,0.0,0.0
CACGCA,0.0,1.0,0.0,0.0,0.0,0.0
CAGACT,0.0,1.0,0.0,0.0,0.0,0.0
CAGGGC,0.0,1.0,0.0,0.0,0.0,0.0
CAGTCC,0.0,1.0,0.0,0.0,0.0,0.0
CATGAA,0.0,1.0,0.0,1.0,0.0,0.0
CCAGAA,0.0,1.0,0.0,0.0,0.0,0.0
CCAGAC,0.0,1.0,0.0,0.0,1.0,0.0
CGATAC,0.0,1.0,0.0,1.0,0.0,0.0
CGATCC,0.0,1.0,0.0,0.0,0.0,0.0
CGCCAA,0.0,1.0,0.0,0.0,0.0,0.0
CGCGAC,0.0,1.0,0.0,0.0,0.0,0.0
CGGAGC,0.0,1.0,0.0,1.0,0.0,0.0
CGTGCA,0.0,1.0,0.0,0.0,0.0,0.0
CGTGCC,0.0,1.0,0.0,0.0,0.0,1.0
CTAAAA,0.0,1.0,1.0,0.0,1.0,0.0
CTAAAC,0.0,1.0,0.0,0.0,0.0,1.0
CTAACA,0.0,1.0,1.0,0.0,0.0,0.0
CTAGAA,0.0,1.0,1.0,0.0,0.0,0.0
CTAGAC,0.0,1.0,0.0,0.0,0.0,0.0
CTGACA,0.0,1.0,0.0,0.0,0.0,0.0
GAAACN,0.0,1.0,0.0,1.0,0.0,0.0
GAAAGG,0.0,1.0,0.0,0.0,0.0,0.0
GAATCT,0.0,1.0,0.0,0.0,0.0,0.0
GACCCC,0.0,1.0,0.0,0.0,0.0,0.0
GACTCA,0.0,1.0,0.0,0.0,0.0,1.0
GACTGA,0.0,1.0,0.0,0.0,1.0,0.0
GACTGC,0.0,1.0,0.0,0.0,0.0,1.0
GAGAGT,0.0,1.0,0.0,1.0,0.0,0.0
GAGATT,0.0,1.0,0.0,0.0,0.0,0.0
GAGGAN,0.0,1.0,1.0,0.0,1.0,0.0
GATATC,0.0,1.0,0.0,1.0,0.0,0.0
GATCCA,0.0,1.0,0.0,0.0,0.0,0.0
GATCCC,0.0,1.0,0.0,0.0,0.0,0.0
GATGTA,0.0,1.0,1.0,1.0,1.0,2.0
GATTGC,0.0,1.0,0.0,0.0,0.0,0.0
GATTTC,0.0,1.0,0.0,0.0,0.0,0.0
GCACCA,0.0,1.0,0.0,0.0,0.0,0.0
GCAGTA,0.0,1.0,0.0,0.0,0.0,0.0
GCATCA,0.0,1.0,0.0,0.0,0.0,0.0
GCGATA,0.0,1.0,0.0,0.0,0.0,0.0
GCTACA,0.0,1.0,0.0,0.0,0.0,0.0
GGAAGG,0.0,1.0,0.0,1.0,0.0,0.0
GGAGAT,0.0,1.0,2.0,2.0,3.0,5.0
GGAGCT,0.0,1.0,1.0,3.0,0.0,2.0
GGATGA,0.0,1.0,2.0,0.0,1.0,1.0
GGATGC,0.0,1.0,0.0,1.0,0.0,0.0
GGATTC,0.0,1.0,0.0,0.0,0.0,1.0
GGCAAT,0.0,1.0,0.0,0.0,0.0,0.0
GGCGAC,0.0,1.0,1.0,1.0,1.0,0.0
GGCGCA,0.0,1.0,0.0,1.0,2.0,1.0
GGGGTT,0.0,1.0,1.0,0.0,0.0,0.0
GGGTGA,0.0,1.0,0.0,0.0,0.0,0.0
GGGTGC,0.0,1.0,0.0,0.0,2.0,1.0
GGGTTA,0.0,1.0,0.0,2.0,1.0,1.0
GGTAGA,0.0,1.0,1.0,0.0,0.0,0.0
GGTATC,0.0,1.0,0.0,0.0,0.0,0.0
GGTCCA,0.0,1.0,0.0,0.0,0.0,0.0
GGTGTA,0.0,1.0,0.0,0.0,0.0,0.0
GNAACA,0.0,1.0,1.0,0.0,0.0,0.0
GNAACC,0.0,1.0,1.0,0.0,0.0,0.0
GNGACC,0.0,1.0,1.0,0.0,0.0,0.0
GNGGNA,0.0,1.0,0.0,0.0,0.0,0.0
GTAAGA,0.0,1.0,0.0,0.0,0.0,0.0
GTAATA,0.0,1.0,1.0,0.0,2.0,0.0
GTACCA,0.0,1.0,0.0,0.0,1.0,0.0
GTACCC,0.0,1.0,0.0,0.0,0.0,0.0
GTATAC,0.0,1.0,2.0,1.0,0.0,1.0
GTCAAA,0.0,1.0,0.0,0.0,0.0,0.0
GTCTAA,0.0,1.0,0.0,0.0,0.0,0.0
GTGTAA,0.0,1.0,2.0,0.0,0.0,0.0
GTGTCC,0.0,1.0,1.0,1.0,0.0,0.0
GTTAAC,0.0,1.0,0.0,0.0,0.0,1.0
GTTGCA,0.0,1.0,0.0,0.0,0.0,0.0
TAAAGC,0.0,1.0,0.0,0.0,0.0,1.0
TAACAA,0.0,1.0,0.0,0.0,0.0,1.0
TAAGCT,0.0,1.0,0.0,0.0,0.0,0.0
TAAGGC,0.0,1.0,0.0,0.0,1.0,1.0
TAAGTA,0.0,1.0,0.0,1.0,0.0,1.0
TAATGA,0.0,1.0,1.0,0.0,0.0,1.0
TACAAA,0.0,1.0,0.0,1.0,0.0,0.0
TACGGC,0.0,1.0,0.0,0.0,0.0,0.0
TAGAGC,0.0,1.0,1.0,1.0,0.0,1.0
TAGGGC,0.0,1.0,1.0,0.0,0.0,2.0
TAGTGC,0.0,1.0,0.0,0.0,0.0,0.0
TATAGA,0.0,1.0,0.0,0.0,0.0,0.0
TATAGC,0.0,1.0,0.0,0.0,0.0,0.0
TATATA,0.0,1.0,1.0,0.0,0.0,0.0
TATTAA,0.0,1.0,0.0,1.0,2.0,0.0
TATTCA,0.0,1.0,0.0,1.0,0.0,0.0
TCAAAA,0.0,1.0,1.0,0.0,0.0,0.0
TCAGAA,0.0,1.0,0.0,0.0,1.0,0.0
TCCAAA,0.0,1.0,0.0,0.0,0.0,0.0
TCGAAA,0.0,1.0,1.0,0.0,1.0,1.0
TCGACA,0.0,1.0,0.0,0.0,0.0,0.0
TCGTCC,0.0,1.0,0.0,0.0,0.0,0.0
TGAGGA,0.0,1.0,0.0,0.0,0.0,1.0
TGAGGC,0.0,1.0,0.0,0.0,0.0,0.0
TGATCA,0.0,1.0,1.0,3.0,0.0,1.0
TGATCC,0.0,1.0,1.0,0.0,0.0,0.0
TGGAGA,0.0,1.0,0.0,0.0,1.0,0.0
TGGATA,0.0,1.0,0.0,0.0,1.0,0.0
TGGCCC,0.0,1.0,0.0,0.0,0.0,0.0
TGGGGA,0.0,1.0,0.0,0.0,0.0,0.0
TGGTAC,0.0,1.0,2.0,1.0,1.0,2.0
TGTAAC,0.0,1.0,1.0,0.0,0.0,0.0
TGTACC,0.0,1.0,0.0,0.0,0.0,0.0
TGTAGC,0.0,1.0,0.0,0.0,0.0,0.0
TTAAAC,0.0,1.0,0.0,2.0,1.0,1.0
TTAAGC,0.0,1.0,0.0,0.0,0.0,0.0
TTAGCC,0.0,1.0,1.0,0.0,0.0,1.0
TTGACC,0.0,1.0,0.0,0.0,0.0,0.0
TTGGAA,0.0,1.0,1.0,0.0,0.0,0.0
TTGGCA,0.0,1.0,1.0,0.0,1.0,0.0
TTGGGA,0.0,1.0,0.0,1.0,0.0,0.0
TTGTAA,0.0,1.0,1.0,0.0,0.0,0.0
TTTAAA,0.0,1.0,0.0,0.0,0.0,0.0
TTTACA,0.0,1.0,1.0,1.0,1.0,0.0
AAACAC,0.0,2.0,7.0,0.0,3.0,3.0
AAGTCT,0.0,2.0,0.0,0.0,0.0,0.0
AAGTGC,0.0,2.0,0.0,0.0,1.0,0.0
AATAGA,0.0,2.0,3.0,1.0,0.0,3.0
AATAGC,0.0,2.0,0.0,0.0,2.0,1.0
ACGTAA,0.0,2.0,1.0,0.0,0.0,1.0
AGACAC,0.0,2.0,0.0,1.0,3.0,1.0
AGCACC,0.0,2.0,0.0,1.0,1.0,0.0
AGGCAC,0.0,2.0,1.0,0.0,1.0,1.0
AGGCCC,0.0,2.0,0.0,2.0,1.0,4.0
ANAAAC,0.0,2.0,2.0,0.0,0.0,0.0
ANAACA,0.0,2.0,1.0,0.0,0.0,0.0
ANAGAC,0.0,2.0,0.0,0.0,0.0,0.0
ATACAC,0.0,2.0,0.0,0.0,0.0,1.0
ATACCA,0.0,2.0,0.0,0.0,1.0,0.0
ATAGGA,0.0,2.0,1.0,1.0,0.0,0.0
ATAGTC,0.0,2.0,0.0,1.0,1.0,0.0
ATATAA,0.0,2.0,3.0,1.0,0.0,0.0
ATATCA,0.0,2.0,0.0,0.0,0.0,0.0
ATATCC,0.0,2.0,1.0,1.0,0.0,0.0
ATTAAA,0.0,2.0,1.0,2.0,1.0,1.0
ATTACC,0.0,2.0,1.0,0.0,0.0,0.0
CAATCA,0.0,2.0,0.0,1.0,0.0,0.0
CAGAGC,0.0,2.0,0.0,1.0,0.0,0.0
CAGTAA,0.0,2.0,1.0,2.0,0.0,1.0
CGATCA,0.0,2.0,0.0,0.0,0.0,0.0
CTGGAA,0.0,2.0,0.0,0.0,0.0,0.0
GAACGA,0.0,2.0,0.0,0.0,0.0,0.0
GAATGA,0.0,2.0,0.0,0.0,2.0,1.0
GAATGC,0.0,2.0,0.0,1.0,0.0,0.0
GACGTC,0.0,2.0,0.0,0.0,2.0,0.0
GAGGGG,0.0,2.0,0.0,0.0,0.0,1.0
GATAGA,0.0,2.0,1.0,3.0,1.0,1.0
GATGGA,0.0,2.0,2.0,1.0,1.0,0.0
GATTAC,0.0,2.0,2.0,0.0,0.0,1.0
GCCGGA,0.0,2.0,1.0,0.0,3.0,2.0
GCGAAC,0.0,2.0,2.0,5.0,2.0,6.0
GGAAAT,0.0,2.0,0.0,7.0,2.0,3.0
GGAACG,0.0,2.0,4.0,3.0,1.0,6.0
GGAACT,0.0,2.0,0.0,1.0,1.0,5.0
GGACCA,0.0,2.0,2.0,1.0,3.0,1.0
GGAGAG,0.0,2.0,3.0,5.0,2.0,2.0
GGCACA,0.0,2.0,1.0,3.0,3.0,3.0
GGGACT,0.0,2.0,2.0,3.0,1.0,0.0
GGGCAC,0.0,2.0,4.0,1.0,0.0,2.0
GGGGAT,0.0,2.0,1.0,2.0,1.0,0.0
GGGGCT,0.0,2.0,1.0,2.0,0.0,0.0
GNAAAA,0.0,2.0,0.0,0.0,1.0,0.0
GNAGAA,0.0,2.0,1.0,0.0,0.0,0.0
GNAGCA,0.0,2.0,2.0,0.0,0.0,0.0
GNGGAA,0.0,2.0,0.0,0.0,0.0,0.0
GNGGCC,0.0,2.0,0.0,0.0,0.0,0.0
GTAGGA,0.0,2.0,0.0,0.0,0.0,1.0
GTATCA,0.0,2.0,1.0,0.0,0.0,1.0
GTGAGA,0.0,2.0,0.0,0.0,0.0,0.0
GTGCAA,0.0,2.0,1.0,0.0,0.0,0.0
GTGCCA,0.0,2.0,0.0,0.0,0.0,0.0
GTGTAC,0.0,2.0,1.0,0.0,0.0,0.0
GTGTCA,0.0,2.0,0.0,0.0,0.0,1.0
GTTACA,0.0,2.0,4.0,1.0,0.0,0.0
GTTATA,0.0,2.0,0.0,0.0,0.0,0.0
GTTGAC,0.0,2.0,0.0,0.0,0.0,0.0
TAAAGA,0.0,2.0,2.0,3.0,1.0,3.0
TAAGGA,0.0,2.0,1.0,2.0,2.0,6.0
TATAAC,0.0,2.0,2.0,1.0,0.0,3.0
TATGAC,0.0,2.0,1.0,0.0,1.0,2.0
TGATAC,0.0,2.0,0.0,2.0,0.0,1.0
TGGTCA,0.0,2.0,0.0,1.0,0.0,3.0
TGTGAA,0.0,2.0,2.0,1.0,2.0,2.0
TTAAAA,0.0,2.0,1.0,0.0,0.0,3.0
TTAACC,0.0,2.0,0.0,4.0,0.0,0.0
TTAGAA,0.0,2.0,1.0,2.0,0.0,3.0
TTAGAC,0.0,2.0,0.0,0.0,0.0,0.0
TTGGAC,0.0,2.0,0.0,0.0,0.0,0.0
AAAACT,0.0,3.0,1.0,8.0,7.0,6.0
AAATTA,0.0,3.0,1.0,1.0,1.0,1.0
AACGCA,0.0,3.0,0.0,3.0,5.0,1.0
AAGCCC,0.0,3.0,0.0,2.0,3.0,2.0
AATTAC,0.0,3.0,2.0,2.0,2.0,0.0
AATTCC,0.0,3.0,0.0,1.0,0.0,0.0
ACAGCA,0.0,3.0,4.0,2.0,5.0,0.0
ACGAAC,0.0,3.0,1.0,8.0,6.0,8.0
ACGGCC,0.0,3.0,2.0,1.0,1.0,0.0
AGAACG,0.0,3.0,7.0,2.0,2.0,7.0
AGAACT,0.0,3.0,5.0,6.0,4.0,2.0
AGACCC,0.0,3.0,2.0,2.0,1.0,2.0
AGAGAT,0.0,3.0,2.0,4.0,4.0,0.0
AGATTC,0.0,3.0,0.0,0.0,0.0,1.0
AGCACA,0.0,3.0,0.0,2.0,2.0,4.0
AGGAAT,0.0,3.0,4.0,8.0,5.0,4.0
AGGCCA,0.0,3.0,1.0,2.0,1.0,0.0
AGGTGA,0.0,3.0,0.0,0.0,1.0,0.0
AGTTCA,0.0,3.0,0.0,0.0,0.0,0.0
ANGAAC,0.0,3.0,1.0,0.0,0.0,0.0
ANGACA,0.0,3.0,1.0,0.0,0.0,0.0
ANGACC,0.0,3.0,0.0,0.0,0.0,0.0
ANGGAA,0.0,3.0,1.0,0.0,0.0,0.0
ATGTAC,0.0,3.0,0.0,1.0,0.0,1.0
ATGTCA,0.0,3.0,3.0,1.0,1.0,0.0
ATTACA,0.0,3.0,2.0,0.0,0.0,3.0
ATTGAA,0.0,3.0,3.0,0.0,1.0,0.0
CTGAAA,0.0,3.0,0.0,0.0,0.0,1.0
GAACAC,0.0,3.0,1.0,5.0,3.0,0.0
GAAGCG,0.0,3.0,3.0,5.0,1.0,4.0
GAAGCT,0.0,3.0,2.0,6.0,3.0,3.0
GAAGGG,0.0,3.0,0.0,0.0,1.0,0.0
GATTAA,0.0,3.0,3.0,1.0,1.0,1.0
GATTCC,0.0,3.0,2.0,3.0,2.0,1.0
GCAGCC,0.0,3.0,1.0,2.0,1.0,1.0
GCGACA,0.0,3.0,7.0,8.0,1.0,6.0
GCGGCA,0.0,3.0,1.0,1.0,2.0,3.0
GCGGCC,0.0,3.0,0.0,1.0,1.0,0.0
GGAAAG,0.0,3.0,0.0,4.0,6.0,1.0
GGACCC,0.0,3.0,0.0,1.0,0.0,3.0
GGCAAC,0.0,3.0,2.0,2.0,4.0,4.0
GGCGAA,0.0,3.0,1.0,1.0,1.0,1.0
GGGAAT,0.0,3.0,3.0,2.0,3.0,2.0
GGGACG,0.0,3.0,3.0,2.0,1.0,4.0
GGGCAA,0.0,3.0,1.0,2.0,3.0,5.0
GGGCCA,0.0,3.0,0.0,4.0,1.0,0.0
GGGGAG,0.0,3.0,4.0,4.0,1.0,1.0
GGGGCG,0.0,3.0,4.0,3.0,0.0,2.0
GGTTAC,0.0,3.0,0.0,1.0,1.0,0.0
GNAAAC,0.0,3.0,1.0,0.0,0.0,0.0
TATGCC,0.0,3.0,3.0,1.0,2.0,1.0
TGTAAA,0.0,3.0,2.0,1.0,1.0,1.0
TGTACA,0.0,3.0,0.0,0.0,0.0,2.0
TGTGCA,0.0,3.0,4.0,0.0,0.0,2.0
TTGACA,0.0,3.0,0.0,1.0,0.0,3.0
AAAAAT,0.0,4.0,1.0,10.0,7.0,6.0
AAATGA,0.0,4.0,0.0,1.0,2.0,3.0
AACAAA,0.0,4.0,6.0,6.0,4.0,7.0
AACGAC,0.0,4.0,2.0,2.0,3.0,1.0
AACGCC,0.0,4.0,0.0,2.0,1.0,0.0
AATTAA,0.0,4.0,4.0,7.0,2.0,2.0
ACGACC,0.0,4.0,0.0,3.0,4.0,2.0
AGAGAG,0.0,4.0,2.0,2.0,0.0,2.0
AGGACT,0.0,4.0,3.0,1.0,3.0,5.0
AGGGCT,0.0,4.0,1.0,2.0,4.0,1.0
ANAACC,0.0,4.0,0.0,0.0,0.0,0.0
ANGAAA,0.0,4.0,1.0,0.0,0.0,0.0
ATAAGA,0.0,4.0,1.0,1.0,2.0,2.0
ATTAAC,0.0,4.0,2.0,1.0,0.0,2.0
ATTGCA,0.0,4.0,2.0,1.0,1.0,0.0
CAGGCC,0.0,4.0,2.0,60.0,5.0,40.0
CGAGCC,0.0,4.0,3.0,4.0,0.0,1.0
GAACCC,0.0,4.0,2.0,1.0,3.0,1.0
GACGCC,0.0,4.0,123.0,7.0,75.0,132.0
GAGCAC,0.0,4.0,2.0,0.0,4.0,2.0
GAGGCT,0.0,4.0,1.0,3.0,3.0,2.0
GATTCA,0.0,4.0,2.0,2.0,1.0,1.0
GCAACC,0.0,4.0,0.0,5.0,1.0,8.0
GCAGAC,0.0,4.0,0.0,1.0,0.0,3.0
GCGGAC,0.0,4.0,2.0,3.0,4.0,2.0
GGAGCG,0.0,4.0,2.0,1.0,1.0,3.0
GGAGTC,0.0,4.0,3.0,7.0,10.0,2.0
GGGAAG,0.0,4.0,2.0,6.0,5.0,4.0
GGGTTC,0.0,4.0,0.0,0.0,0.0,0.0
GGTTAA,0.0,4.0,4.0,0.0,0.0,1.0
TATACA,0.0,4.0,3.0,3.0,0.0,3.0
TATACC,0.0,4.0,0.0,1.0,3.0,1.0
TATGCA,0.0,4.0,5.0,0.0,0.0,3.0
TGGTAA,0.0,4.0,1.0,2.0,1.0,2.0
TTGAAC,0.0,4.0,0.0,1.0,0.0,0.0
AAACAA,0.0,5.0,3.0,5.0,5.0,7.0
AAAGAG,0.0,5.0,1.0,4.0,5.0,5.0
AACGAA,0.0,5.0,2.0,3.0,7.0,4.0
AAGACG,0.0,5.0,6.0,8.0,10.0,10.0
AAGCAC,0.0,5.0,1.0,0.0,2.0,2.0
ACAGAC,0.0,5.0,2.0,4.0,4.0,5.0
ACGGCA,0.0,5.0,1.0,4.0,2.0,2.0
AGAAAT,0.0,5.0,1.0,6.0,4.0,3.0
AGACAA,0.0,5.0,2.0,3.0,7.0,1.0
AGACCA,0.0,5.0,6.0,2.0,3.0,0.0
AGCGAA,0.0,5.0,0.0,2.0,2.0,3.0
AGGACG,0.0,5.0,1.0,2.0,2.0,4.0
AGGGAG,0.0,5.0,3.0,6.0,4.0,4.0
AGGGCG,0.0,5.0,2.0,3.0,2.0,1.0
AGTTCC,0.0,5.0,2.0,0.0,1.0,0.0
ANAAAA,0.0,5.0,0.0,0.0,0.0,0.0
GAAACT,0.0,5.0,0.0,8.0,7.0,2.0
GAACCA,0.0,5.0,2.0,4.0,4.0,2.0
GAGAAG,0.0,5.0,5.0,9.0,8.0,5.0
GAGTTA,0.0,5.0,0.0,0.0,0.0,0.0
GCAGCA,0.0,5.0,3.0,4.0,5.0,1.0
GCGACC,0.0,5.0,0.0,4.0,3.0,3.0
GGACAA,0.0,5.0,2.0,4.0,1.0,4.0
GGCAAA,0.0,5.0,0.0,2.0,1.0,5.0
GGTTCA,0.0,5.0,2.0,2.0,2.0,0.0
GTATAA,0.0,5.0,3.0,1.0,0.0,1.0
TAATCC,0.0,5.0,0.0,1.0,1.0,1.0
TAGTAC,0.0,5.0,2.0,2.0,1.0,0.0
TAGTCC,0.0,5.0,3.0,2.0,1.0,0.0
TTAGCA,0.0,5.0,0.0,1.0,0.0,0.0
TTGAAA,0.0,5.0,2.0,3.0,0.0,1.0
AAAGAT,0.0,6.0,2.0,8.0,2.0,3.0
AAGGCT,0.0,6.0,3.0,2.0,1.0,1.0
AAGTGA,0.0,6.0,2.0,1.0,2.0,0.0
AATTCA,0.0,6.0,3.0,4.0,3.0,1.0
ACAGAA,0.0,6.0,7.0,10.0,5.0,6.0
AGAATC,0.0,6.0,3.0,15.0,14.0,18.0
AGCAAA,0.0,6.0,2.0,4.0,1.0,2.0
AGTTAA,0.0,6.0,3.0,0.0,1.0,3.0
ANAGAA,0.0,6.0,2.0,0.0,0.0,0.0
ANGGCA,0.0,6.0,0.0,0.0,0.0,0.0
ATATAC,0.0,6.0,0.0,0.0,0.0,0.0
ATTGAC,0.0,6.0,0.0,0.0,0.0,0.0
CGGGAC,0.0,6.0,2.0,6.0,2.0,3.0
CGGGCC,0.0,6.0,3.0,2.0,1.0,1.0
GAGACT,0.0,6.0,3.0,8.0,61.0,7.0
GAGCAA,0.0,6.0,3.0,6.0,5.0,8.0
GAGCCA,0.0,6.0,1.0,5.0,4.0,2.0
GAGGAT,0.0,6.0,144.0,1.0,32.0,69.0
GGGATC,0.0,6.0,5.0,7.0,10.0,9.0
GTTAAA,0.0,6.0,2.0,0.0,3.0,0.0
TAATAC,0.0,6.0,1.0,1.0,4.0,2.0
TGATAA,0.0,6.0,1.0,2.0,1.0,0.0
AAGAAT,0.0,7.0,2.0,2.0,5.0,5.0
AAGGAT,0.0,7.0,7.0,3.0,1.0,3.0
AAGGCG,0.0,7.0,3.0,1.0,3.0,5.0
AGAGCG,0.0,7.0,0.0,2.0,0.0,2.0
ATGTAA,0.0,7.0,1.0,0.0,1.0,0.0
GAAGAT,0.0,7.0,4.0,3.0,4.0,3.0
GACACC,0.0,7.0,72.0,27.0,39.0,3.0
GAGGTC,0.0,7.0,3.0,4.0,9.0,4.0
GCAAAC,0.0,7.0,2.0,6.0,3.0,6.0
GCAGAA,0.0,7.0,2.0,6.0,5.0,5.0
GCGAAA,0.0,7.0,5.0,10.0,12.0,5.0
GCGGAA,0.0,7.0,1.0,10.0,2.0,5.0
TATGAA,0.0,7.0,4.0,4.0,2.0,6.0
AAACCC,0.0,8.0,2.0,1.0,2.0,6.0
AAAGCG,0.0,8.0,3.0,4.0,2.0,5.0
AACACC,0.0,8.0,1.0,1.0,4.0,3.0
AAGCCA,0.0,8.0,5.0,6.0,4.0,4.0
AAGGAG,0.0,8.0,5.0,3.0,7.0,7.0
ACAACA,0.0,8.0,3.0,4.0,5.0,7.0
ACGACA,0.0,8.0,3.0,10.0,7.0,6.0
AGAGCT,0.0,8.0,2.0,0.0,0.0,1.0
AGGATC,0.0,8.0,2.0,11.0,8.0,10.0
CAAGAC,0.0,8.0,5.0,9.0,7.0,9.0
CGAGAC,0.0,8.0,5.0,7.0,6.0,4.0
CGGGCA,0.0,8.0,2.0,16.0,6.0,5.0
GAAGAG,0.0,8.0,5.0,6.0,1.0,2.0
GAGCCC,0.0,8.0,2.0,2.0,0.0,4.0
GAGGCG,0.0,8.0,3.0,2.0,2.0,1.0
GCAACA,0.0,8.0,5.0,2.0,4.0,2.0
GNGACA,0.0,8.0,1.0,0.0,0.0,0.0
AAACCA,0.0,9.0,2.0,5.0,6.0,3.0
AAAGCT,0.0,9.0,5.0,3.0,4.0,19.0
ACAACC,0.0,9.0,3.0,2.0,2.0,6.0
AGAAAG,0.0,9.0,2.0,5.0,0.0,5.0
AGAGTA,0.0,9.0,5.0,11.0,14.0,23.0
AGGAAG,0.0,9.0,5.0,6.0,3.0,6.0
AGGCAA,0.0,9.0,0.0,5.0,2.0,4.0
CAGGAC,0.0,9.0,3.0,8.0,9.0,4.0
CGAAAC,0.0,9.0,7.0,3.0,11.0,6.0
CGGGAA,0.0,9.0,8.0,6.0,11.0,11.0
GACACA,0.0,9.0,3.0,8.0,8.0,2.0
GAGAAT,0.0,9.0,1.0,4.0,1.0,50.0
GAGGAG,0.0,9.0,5.0,1.0,6.0,7.0
GCAAAA,0.0,9.0,2.0,9.0,9.0,13.0
GGAGTA,0.0,9.0,1.0,11.0,14.0,10.0
TAGTAA,0.0,9.0,6.0,5.0,4.0,4.0
TAGTCA,0.0,9.0,2.0,4.0,3.0,6.0
AAAGTA,0.0,10.0,8.0,103.0,21.0,30.0
AAGACT,0.0,10.0,2.0,7.0,5.0,6.0
CAAACC,0.0,10.0,6.0,12.0,12.0,8.0
CAAGCC,0.0,10.0,3.0,4.0,7.0,3.0
GAAGTC,0.0,10.0,3.0,12.0,13.0,14.0
GGAGGC,0.0,10.0,12.0,13.0,5.0,6.0
GGGGTA,0.0,10.0,4.0,6.0,10.0,11.0
GGTGCC,0.0,10.0,5.0,4.0,1.0,0.0
TAATAA,0.0,10.0,2.0,6.0,5.0,6.0
TAATCA,0.0,10.0,6.0,1.0,2.0,1.0
TGAGCC,0.0,10.0,78.0,8.0,8.0,54.0
ACAAAA,0.0,11.0,5.0,7.0,15.0,10.0
ACAAAC,0.0,11.0,2.0,12.0,8.0,4.0
AGGGTA,0.0,11.0,5.0,12.0,14.0,9.0
AGGGTC,0.0,11.0,1.0,8.0,10.0,10.0
CAAAAC,0.0,11.0,6.0,13.0,7.0,15.0
CAAGAA,0.0,11.0,5.0,14.0,16.0,12.0
CGGAAC,0.0,11.0,3.0,9.0,7.0,4.0
CGGACC,0.0,11.0,3.0,4.0,4.0,4.0
GAGACG,0.0,11.0,5.0,9.0,4.0,3.0
GGAATA,0.0,11.0,8.0,20.0,18.0,20.0
GGTGAC,0.0,11.0,10.0,6.0,2.0,4.0
TGGGCC,0.0,11.0,3.0,6.0,6.0,8.0
AAAACG,0.0,12.0,6.0,6.0,3.0,4.0
AAAATC,0.0,12.0,8.0,19.0,21.0,31.0
AAAGTC,0.0,12.0,8.0,21.0,13.0,20.0
AAGAAG,0.0,12.0,6.0,12.0,3.0,3.0
AAGATC,0.0,12.0,5.0,28.0,15.0,29.0
AAGCAA,0.0,12.0,4.0,4.0,6.0,8.0
ACGAAA,0.0,12.0,9.0,13.0,9.0,11.0
CAGACC,0.0,12.0,0.0,11.0,9.0,7.0
CAGGCA,0.0,12.0,4.0,14.0,8.0,11.0
CGGACA,0.0,12.0,3.0,3.0,7.0,9.0
GAACAA,0.0,12.0,1.0,4.0,5.0,4.0
GACGGG,0.0,12.0,1.0,57.0,70.0,41.0
GGAATC,0.0,12.0,6.0,12.0,13.0,8.0
ACGGAA,0.0,13.0,3.0,7.0,9.0,9.0
CAGAAC,0.0,13.0,2.0,17.0,10.0,14.0
CGAAAA,0.0,13.0,8.0,11.0,16.0,17.0
GAAACG,0.0,13.0,3.0,9.0,6.0,6.0
GGGAGC,0.0,13.0,6.0,11.0,13.0,11.0
TATAAA,0.0,13.0,3.0,5.0,3.0,7.0
AAAGGC,0.0,14.0,19.0,14.0,14.0,13.0
AGGATA,0.0,14.0,10.0,16.0,17.0,26.0
CGAACA,0.0,14.0,9.0,16.0,15.0,12.0
GAAAAG,0.0,14.0,6.0,6.0,6.0,17.0
GAGATC,0.0,14.0,5.0,8.0,16.0,11.0
GTGGAC,0.0,14.0,8.0,4.0,2.0,6.0
AAGGTA,0.0,15.0,7.0,27.0,67.0,25.0
AGAAGC,0.0,15.0,12.0,8.0,9.0,5.0
AGTACC,0.0,15.0,7.0,12.0,7.0,10.0
CGAACC,0.0,15.0,1.0,5.0,1.0,7.0
GACGAA,0.0,15.0,3.0,39.0,52.0,28.0
GTAGCC,0.0,15.0,8.0,1.0,6.0,0.0
GAAGTA,0.0,16.0,4.0,60.0,30.0,30.0
GAGGGC,0.0,16.0,18.0,10.0,85.0,66.0
GATGCC,0.0,16.0,14.0,5.0,6.0,8.0
GGAAGC,0.0,16.0,4.0,11.0,17.0,11.0
GTAACC,0.0,16.0,11.0,3.0,3.0,3.0
AAAAAG,0.0,17.0,2.0,11.0,9.0,6.0
AAGGTC,0.0,17.0,5.0,18.0,16.0,7.0
AGAATA,0.0,17.0,3.0,26.0,28.0,24.0
AGGGGC,0.0,17.0,9.0,10.0,7.0,6.0
CAAGCA,0.0,17.0,7.0,8.0,3.0,8.0
GAGGTA,0.0,17.0,5.0,23.0,48.0,54.0
GGGGGC,0.0,17.0,7.0,52.0,4.0,2.0
AAGGGC,0.0,18.0,3.0,6.0,5.0,14.0
AGTGCC,0.0,18.0,8.0,6.0,4.0,5.0
CAAACA,0.0,18.0,9.0,20.0,16.0,22.0
GACGCA,0.0,18.0,72.0,3.0,66.0,86.0
GGTGCA,0.0,18.0,11.0,3.0,5.0,12.0
ATAGCC,0.0,19.0,9.0,3.0,0.0,0.0
ATGGCC,0.0,19.0,17.0,3.0,1.0,1.0
CAGAAA,0.0,19.0,9.0,27.0,19.0,19.0
GTAGAC,0.0,19.0,8.0,2.0,2.0,4.0
CAAAAA,0.0,20.0,9.0,38.0,25.0,19.0
GGAGGA,0.0,20.0,14.0,3.0,8.0,16.0
TGAGAC,0.0,20.0,14.0,17.0,13.0,13.0
AGAGGC,0.0,21.0,9.0,8.0,10.0,12.0
AGGAGC,0.0,21.0,8.0,12.0,6.0,14.0
ATGGAC,0.0,21.0,9.0,1.0,3.0,4.0
CAGGAA,0.0,21.0,3.0,14.0,11.0,11.0
CGGAAA,0.0,21.0,8.0,9.0,15.0,16.0
GAAGGC,0.0,21.0,8.0,18.0,13.0,16.0
GATGAC,0.0,21.0,13.0,9.0,5.0,6.0
GGGAGA,0.0,21.0,17.0,15.0,10.0,17.0
TAGGAC,0.0,21.0,18.0,16.0,22.0,22.0
GGTACC,0.0,22.0,3.0,8.0,7.0,4.0
GTGGCC,0.0,22.0,7.0,2.0,0.0,2.0
AGTAAC,0.0,23.0,9.0,16.0,13.0,14.0
GTGACC,0.0,23.0,9.0,2.0,2.0,2.0
AGAGGA,0.0,25.0,8.0,3.0,10.0,10.0
AGTGAC,0.0,25.0,8.0,3.0,4.0,1.0
CAGACA,0.0,25.0,12.0,33.0,11.0,16.0
GGTAAC,0.0,25.0,9.0,9.0,9.0,5.0
GTAGCA,0.0,25.0,8.0,7.0,5.0,5.0
GTGGCA,0.0,25.0,11.0,9.0,4.0,6.0
AAGGGA,0.0,26.0,197.0,25.0,25.0,23.0
GGGGGA,0.0,26.0,13.0,5.0,8.0,8.0
TAAGCC,0.0,26.0,18.0,16.0,10.0,19.0
AAGAGC,0.0,27.0,12.0,19.0,16.0,15.0
ATAGAC,0.0,27.0,10.0,6.0,6.0,6.0
ATGACC,0.0,27.0,10.0,8.0,5.0,7.0
ATGGCA,0.0,27.0,8.0,4.0,30.0,3.0
GATACC,0.0,27.0,8.0,17.0,86.0,12.0
GGGTCC,0.0,27.0,9.0,7.0,10.0,8.0
GGATCC,0.0,28.0,15.0,4.0,10.0,6.0
GGGTAC,0.0,28.0,15.0,10.0,11.0,61.0
TAGGCC,0.0,28.0,14.0,15.0,27.0,10.0
TGAAAC,0.0,29.0,15.0,34.0,27.0,28.0
TGGACC,0.0,29.0,6.0,25.0,14.0,15.0
GTAAAC,0.0,30.0,14.0,6.0,9.0,10.0
TGAGCA,0.0,30.0,10.0,17.0,19.0,7.0
AATGAC,0.0,31.0,10.0,8.0,15.0,11.0
GGATAC,0.0,31.0,19.0,119.0,16.0,35.0
TGAACC,0.0,31.0,14.0,19.0,13.0,13.0
TGGGAA,0.0,31.0,24.0,18.0,20.0,28.0
TGGGCA,0.0,31.0,10.0,15.0,17.0,16.0
AGATCC,0.0,32.0,12.0,11.0,18.0,8.0
GAAAAT,0.0,32.0,1.0,6.0,3.0,5.0
AGTGCA,0.0,33.0,16.0,6.0,5.0,14.0
ATGAAC,0.0,34.0,15.0,21.0,10.0,6.0
GAAAGC,0.0,34.0,9.0,21.0,13.0,23.0
GAAATA,0.0,34.0,13.0,51.0,49.0,41.0
AAGATA,0.0,35.0,9.0,49.0,63.0,40.0
AGGTAC,0.0,35.0,11.0,24.0,22.0,18.0
ATAACC,0.0,35.0,4.0,6.0,5.0,7.0
GGATCA,0.0,35.0,17.0,16.0,17.0,9.0
TGGAAC,0.0,36.0,15.0,27.0,17.0,30.0
TGGGAC,0.0,36.0,10.0,12.0,8.0,9.0
AATACC,0.0,37.0,15.0,22.0,16.0,23.0
AAGTCC,0.0,38.0,9.0,22.0,24.0,53.0
ATAAAC,0.0,38.0,24.0,11.0,9.0,9.0
ATAGCA,0.0,38.0,16.0,1.0,10.0,3.0
GTGGAA,0.0,38.0,25.0,25.0,7.0,11.0
GATAAC,0.0,39.0,283.0,112.0,23.0,76.0
GATGCA,0.0,39.0,12.0,7.0,18.0,13.0
GTGAAC,0.0,39.0,14.0,6.0,8.0,5.0
GTGACA,0.0,40.0,26.0,9.0,8.0,7.0
TAGACC,0.0,40.0,17.0,27.0,27.0,26.0
AAAGGA,0.0,41.0,22.0,23.0,31.0,69.0
AGGAGA,0.0,41.0,15.0,27.0,17.0,16.0
AGATAC,0.0,42.0,15.0,19.0,22.0,13.0
GAGAGA,0.0,42.0,258.0,81.0,29.0,191.0
GTGAAA,0.0,42.0,17.0,19.0,13.0,15.0
AGGGGA,0.0,43.0,7.0,18.0,35.0,14.0
TAAGAC,0.0,43.0,21.0,24.0,10.0,34.0
TAGGCA,0.0,43.0,29.0,34.0,34.0,28.0
AGTAAA,0.0,44.0,25.0,26.0,25.0,24.0
GGGTCA,0.0,44.0,15.0,21.0,14.0,14.0
TGAGAA,0.0,44.0,17.0,27.0,33.0,28.0
GAAGGA,0.0,45.0,13.0,22.0,34.0,20.0
GAAAGA,0.0,46.0,17.0,34.0,49.0,30.0
GAGTAC,0.0,46.0,29.0,15.0,19.0,24.0
AATAAC,0.0,47.0,17.0,31.0,20.0,25.0
GGTAAA,0.0,47.0,20.0,20.0,22.0,17.0
AGTACA,0.0,48.0,26.0,55.0,173.0,16.0
TAGAAC,0.0,48.0,25.0,45.0,45.0,32.0
TGAAAA,0.0,48.0,31.0,46.0,38.0,32.0
ATAGAA,0.0,49.0,11.0,11.0,33.0,6.0
AAAAGA,0.0,50.0,26.0,73.0,28.0,56.0
AAGTAC,0.0,50.0,27.0,25.0,76.0,35.0
ATGACA,0.0,50.0,21.0,12.0,15.0,13.0
ATGGAA,0.0,50.0,18.0,94.0,5.0,55.0
TAAACC,0.0,50.0,20.0,81.0,20.0,29.0
CGAGAA,0.0,51.0,4.0,9.0,7.0,8.0
GAGAGC,0.0,51.0,10.0,14.0,100.0,52.0
GAGGGA,0.0,51.0,11.0,18.0,49.0,19.0
GATGAA,0.0,51.0,21.0,29.0,18.0,24.0
GTAGAA,0.0,52.0,25.0,5.0,7.0,5.0
AATGAA,0.0,53.0,18.0,35.0,79.0,34.0
GGGTAA,0.0,53.0,103.0,41.0,28.0,28.0
AAGAGA,0.0,54.0,20.0,64.0,24.0,29.0
TAAGCA,0.0,54.0,34.0,34.0,56.0,29.0
TGAACA,0.0,56.0,32.0,63.0,28.0,29.0
GAGTCC,0.0,57.0,26.0,19.0,11.0,25.0
ATAACA,0.0,59.0,38.0,15.0,11.0,13.0
GATACA,0.0,60.0,41.0,21.0,32.0,37.0
TAAAAC,0.0,61.0,21.0,46.0,45.0,46.0
AGATAA,0.0,63.0,30.0,28.0,31.0,32.0
GTAAAA,0.0,63.0,19.0,15.0,9.0,11.0
GGATAA,0.0,64.0,38.0,22.0,36.0,35.0
AGGTCA,0.0,65.0,24.0,21.0,19.0,25.0
TAAGAA,0.0,65.0,29.0,62.0,46.0,49.0
TGGAAA,0.0,65.0,25.0,47.0,42.0,42.0
AAATCC,0.0,67.0,17.0,19.0,14.0,22.0
AAATAC,0.0,68.0,39.0,33.0,29.0,48.0
GAATAC,0.0,68.0,30.0,29.0,21.0,23.0
AGATCA,0.0,70.0,20.0,20.0,33.0,29.0
GATAAA,0.0,71.0,34.0,38.0,45.0,46.0
AGGTAA,0.0,73.0,42.0,21.0,26.0,30.0
ATGAAA,0.0,76.0,23.0,14.0,16.0,23.0
TAAACA,0.0,76.0,28.0,70.0,63.0,81.0
GAGTCA,0.0,79.0,32.0,43.0,37.0,30.0
TAGGAA,0.0,82.0,32.0,36.0,41.0,35.0
AAGTCA,0.0,89.0,41.0,53.0,50.0,50.0
ATAAAA,0.0,92.0,28.0,22.0,15.0,14.0
TAGAAA,0.0,93.0,40.0,92.0,64.0,83.0
GAATCA,0.0,95.0,30.0,44.0,35.0,87.0
AATAAA,0.0,97.0,47.0,151.0,57.0,50.0
AAATAA,0.0,104.0,47.0,82.0,104.0,80.0
AAATCA,0.0,106.0,33.0,50.0,45.0,44.0
GAATAA,0.0,118.0,57.0,61.0,48.0,59.0
AACACA,0.0,119.0,4.0,40.0,5.0,52.0
GGTGAA,0.0,119.0,13.0,14.0,60.0,15.0
GAGTAA,0.0,132.0,46.0,39.0,39.0,43.0
GACGGA,0.0,162.0,113.0,221.0,410.0,138.0
AGGTCC,0.0,179.0,11.0,7.0,6.0,8.0
GGAAGA,0.0,180.0,14.0,148.0,95.0,25.0
GACGAC,0.0,186.0,175.0,19.0,6.0,5.0
AAAAGC,0.0,193.0,14.0,16.0,18.0,43.0
CGAGCA,0.0,197.0,3.0,3.0,6.0,6.0
GAGATA,0.0,197.0,9.0,172.0,57.0,30.0
GACAAA,0.0,207.0,51.0,46.0,46.0,56.0
AAAATA,0.0,208.0,7.0,107.0,192.0,126.0
GAAATC,0.0,209.0,9.0,44.0,26.0,11.0
AATGCC,0.0,218.0,10.0,46.0,10.0,5.0
AGTGAA,0.0,223.0,15.0,40.0,9.0,18.0
GGGATA,0.0,231.0,4.0,12.0,129.0,18.0
GACGGC,0.0,330.0,0.0,220.0,191.0,325.0
GACAAC,0.0,356.0,1.0,145.0,118.0,137.0
AGAAGA,0.0,371.0,13.0,56.0,50.0,61.0
GGGGTC,0.0,377.0,2.0,33.0,5.0,4.0
AAGTAA,0.0,408.0,46.0,211.0,115.0,51.0
AGAGTC,0.0,435.0,143.0,9.0,79.0,96.0
GGAGCC,0.0,5534.0,3076.0,1783.0,1995.0,1707.0
GGAACC,0.0,9594.0,3649.0,3674.0,3412.0,3529.0
GGGACC,0.0,9727.0,3332.0,3973.0,3827.0,2912.0
AGGACC,0.0,11829.0,4463.0,4856.0,5133.0,6060.0
AAGGGT,0.0,0.0,1.0,0.0,1.0,0.0
AAGTTC,0.0,0.0,1.0,2.0,0.0,0.0
ACGGAC,0.0,0.0,1.0,1.0,1.0,3.0
ACGGGA,0.0,0.0,1.0,0.0,0.0,0.0
ACGTCA,0.0,0.0,1.0,0.0,0.0,0.0
ACTAAC,0.0,0.0,1.0,0.0,0.0,0.0
ACTACA,0.0,0.0,1.0,0.0,0.0,0.0
AGAACN,0.0,0.0,1.0,0.0,0.0,1.0
AGACGA,0.0,0.0,1.0,0.0,0.0,0.0
AGCTAA,0.0,0.0,1.0,0.0,0.0,0.0
AGTCGA,0.0,0.0,1.0,0.0,0.0,0.0
ATAGTA,0.0,0.0,1.0,1.0,1.0,0.0
ATATTC,0.0,0.0,1.0,0.0,0.0,0.0
ATCAAC,0.0,0.0,1.0,0.0,0.0,0.0
ATTAGC,0.0,0.0,1.0,0.0,0.0,0.0
ATTGCC,0.0,0.0,1.0,0.0,0.0,0.0
ATTTAC,0.0,0.0,1.0,0.0,0.0,0.0
CAACCC,0.0,0.0,1.0,0.0,0.0,0.0
CAGAGG,0.0,0.0,1.0,0.0,0.0,0.0
CATACA,0.0,0.0,1.0,1.0,1.0,1.0
CATACC,0.0,0.0,1.0,0.0,0.0,0.0
CATCAC,0.0,0.0,1.0,0.0,0.0,0.0
CCGACC,0.0,0.0,1.0,0.0,0.0,0.0
CGAGGA,0.0,0.0,1.0,0.0,0.0,1.0
CGCACA,0.0,0.0,1.0,0.0,0.0,0.0
CGGCAA,0.0,0.0,1.0,0.0,0.0,0.0
CGTAAC,0.0,0.0,1.0,0.0,0.0,0.0
CTGGCC,0.0,0.0,1.0,0.0,0.0,0.0
CTTAAC,0.0,0.0,1.0,0.0,0.0,0.0
GAACTC,0.0,0.0,1.0,0.0,0.0,0.0
GAAGTT,0.0,0.0,1.0,0.0,1.0,0.0
GAATTA,0.0,0.0,1.0,1.0,0.0,0.0
GACAGA,0.0,0.0,1.0,1.0,1.0,0.0
GACCAA,0.0,0.0,1.0,0.0,0.0,0.0
GACTAC,0.0,0.0,1.0,1.0,0.0,0.0
GAGTGA,0.0,0.0,1.0,0.0,1.0,0.0
GATAGC,0.0,0.0,1.0,0.0,1.0,1.0
GATGGT,0.0,0.0,1.0,0.0,0.0,0.0
GCATAG,0.0,0.0,1.0,0.0,0.0,0.0
GCCAAA,0.0,0.0,1.0,0.0,0.0,0.0
GCCACC,0.0,0.0,1.0,1.0,1.0,0.0
GCGTAA,0.0,0.0,1.0,0.0,0.0,0.0
GGAACN,0.0,0.0,1.0,0.0,0.0,0.0
GGATAT,0.0,0.0,1.0,0.0,0.0,0.0
GGCGCC,0.0,0.0,1.0,0.0,1.0,0.0
GGTTCC,0.0,0.0,1.0,1.0,0.0,0.0
GGTTGA,0.0,0.0,1.0,0.0,0.0,0.0
GGTTTC,0.0,0.0,1.0,0.0,0.0,0.0
GNAGCC,0.0,0.0,1.0,0.0,0.0,0.0
GNGAAA,0.0,0.0,1.0,0.0,0.0,0.0
GNGGAC,0.0,0.0,1.0,0.0,0.0,0.0
GTGGGC,0.0,0.0,1.0,0.0,0.0,0.0
GTTTAA,0.0,0.0,1.0,0.0,0.0,1.0
TAAAAG,0.0,0.0,1.0,0.0,0.0,0.0
TACACC,0.0,0.0,1.0,0.0,0.0,0.0
TACGAC,0.0,0.0,1.0,0.0,0.0,0.0
TACGCC,0.0,0.0,1.0,0.0,0.0,1.0
TAGAGA,0.0,0.0,1.0,0.0,0.0,1.0
TAGATA,0.0,0.0,1.0,4.0,0.0,3.0
TATCCA,0.0,0.0,1.0,0.0,0.0,0.0
TCAGAC,0.0,0.0,1.0,0.0,0.0,0.0
TCAGCA,0.0,0.0,1.0,0.0,0.0,0.0
TCGAGC,0.0,0.0,1.0,0.0,0.0,0.0
TGGAGC,0.0,0.0,1.0,0.0,0.0,0.0
TGTCAA,0.0,0.0,1.0,0.0,0.0,1.0
TGTGGC,0.0,0.0,1.0,0.0,0.0,0.0
TGTTAC,0.0,0.0,1.0,0.0,0.0,0.0
TTTGAA,0.0,0.0,1.0,0.0,0.0,0.0
GATCGC,0.0,0.0,2.0,0.0,0.0,0.0
GCTAAA,0.0,0.0,2.0,0.0,0.0,0.0
GNGGCA,0.0,0.0,2.0,0.0,0.0,0.0
TTAACA,0.0,0.0,2.0,1.0,1.0,1.0
TTTGCC,0.0,0.0,2.0,0.0,0.0,0.0
GATAAT,0.0,0.0,3.0,0.0,0.0,0.0
AAAAAN,0.0,0.0,0.0,1.0,0.0,0.0
AAAATT,0.0,0.0,0.0,1.0,0.0,0.0
AAACCT,0.0,0.0,0.0,1.0,0.0,0.0
AAACGA,0.0,0.0,0.0,1.0,0.0,0.0
AAAGTT,0.0,0.0,0.0,1.0,0.0,0.0
AACCAA,0.0,0.0,0.0,1.0,1.0,0.0
AAGAGT,0.0,0.0,0.0,1.0,0.0,0.0
AAGANA,0.0,0.0,0.0,1.0,0.0,0.0
AAGCGA,0.0,0.0,0.0,1.0,0.0,0.0
AAGGCN,0.0,0.0,0.0,1.0,0.0,0.0
AAGGGG,0.0,0.0,0.0,1.0,1.0,0.0
AATGTC,0.0,0.0,0.0,1.0,0.0,0.0
AATTTA,0.0,0.0,0.0,1.0,0.0,0.0
ACAATA,0.0,0.0,0.0,1.0,0.0,0.0
ACAGTA,0.0,0.0,0.0,1.0,0.0,0.0
AGAGGT,0.0,0.0,0.0,1.0,0.0,0.0
AGAGNC,0.0,0.0,0.0,1.0,0.0,0.0
AGAGTT,0.0,0.0,0.0,1.0,0.0,0.0
AGGAGT,0.0,0.0,0.0,1.0,0.0,0.0
AGGGNA,0.0,0.0,0.0,1.0,1.0,0.0
AGGGNC,0.0,0.0,0.0,1.0,0.0,0.0
ATGATC,0.0,0.0,0.0,1.0,0.0,0.0
ATGGGC,0.0,0.0,0.0,1.0,0.0,0.0
ATGTCC,0.0,0.0,0.0,1.0,0.0,1.0
CAAAGA,0.0,0.0,0.0,1.0,0.0,0.0
CAAATA,0.0,0.0,0.0,1.0,0.0,0.0
CAACAC,0.0,0.0,0.0,1.0,0.0,0.0
CAAGGA,0.0,0.0,0.0,1.0,2.0,0.0
CAAGTC,0.0,0.0,0.0,1.0,0.0,0.0
CAATCC,0.0,0.0,0.0,1.0,0.0,0.0
CACGGC,0.0,0.0,0.0,1.0,0.0,0.0
CAGATC,0.0,0.0,0.0,1.0,0.0,0.0
CAGGTC,0.0,0.0,0.0,1.0,0.0,0.0
CCAAAC,0.0,0.0,0.0,1.0,1.0,0.0
CGACAC,0.0,0.0,0.0,1.0,0.0,0.0
CGACCA,0.0,0.0,0.0,1.0,0.0,0.0
GAAAAN,0.0,0.0,0.0,1.0,0.0,0.0
GAATAT,0.0,0.0,0.0,1.0,0.0,1.0
GAATGT,0.0,0.0,0.0,1.0,0.0,0.0
GACGTA,0.0,0.0,0.0,1.0,1.0,0.0
GACTGT,0.0,0.0,0.0,1.0,0.0,0.0
GAGACN,0.0,0.0,0.0,1.0,0.0,0.0
GAGANA,0.0,0.0,0.0,1.0,0.0,0.0
GATCAA,0.0,0.0,0.0,1.0,0.0,0.0
GATGGC,0.0,0.0,0.0,1.0,1.0,0.0
GCAAGC,0.0,0.0,0.0,1.0,0.0,0.0
GCCGAC,0.0,0.0,0.0,1.0,0.0,0.0
GCCGGG,0.0,0.0,0.0,1.0,0.0,1.0
GCGGCT,0.0,0.0,0.0,1.0,0.0,0.0
GCTAAC,0.0,0.0,0.0,1.0,1.0,0.0
GGACAC,0.0,0.0,0.0,1.0,1.0,2.0
GGAGTT,0.0,0.0,0.0,1.0,0.0,0.0
GGCTAA,0.0,0.0,0.0,1.0,0.0,0.0
GGGANC,0.0,0.0,0.0,1.0,0.0,0.0
GGGCCC,0.0,0.0,0.0,1.0,2.0,1.0
GGGGGG,0.0,0.0,0.0,1.0,0.0,0.0
GGGTGT,0.0,0.0,0.0,1.0,0.0,0.0
GGTACT,0.0,0.0,0.0,1.0,0.0,0.0
GGTATA,0.0,0.0,0.0,1.0,1.0,1.0
GGTCAA,0.0,0.0,0.0,1.0,0.0,0.0
GGTGGA,0.0,0.0,0.0,1.0,0.0,2.0
GTGGCT,0.0,0.0,0.0,1.0,0.0,0.0
GTTACC,0.0,0.0,0.0,1.0,0.0,1.0
TAAATC,0.0,0.0,0.0,1.0,0.0,0.0
TAAGTC,0.0,0.0,0.0,1.0,2.0,0.0
TACGAA,0.0,0.0,0.0,1.0,0.0,1.0
TACGCA,0.0,0.0,0.0,1.0,0.0,0.0
TAGACT,0.0,0.0,0.0,1.0,0.0,0.0
TAGCAC,0.0,0.0,0.0,1.0,0.0,0.0
TAGCTA,0.0,0.0,0.0,1.0,0.0,0.0
TAGCTC,0.0,0.0,0.0,1.0,0.0,0.0
TAGGTC,0.0,0.0,0.0,1.0,0.0,0.0
TATCAA,0.0,0.0,0.0,1.0,1.0,1.0
TATGTA,0.0,0.0,0.0,1.0,0.0,0.0
TCAACC,0.0,0.0,0.0,1.0,0.0,0.0
TCGGCC,0.0,0.0,0.0,1.0,0.0,0.0
TGAAAG,0.0,0.0,0.0,1.0,0.0,0.0
TGACCC,0.0,0.0,0.0,1.0,0.0,0.0
TGCGAA,0.0,0.0,0.0,1.0,0.0,0.0
TGGAAG,0.0,0.0,0.0,1.0,0.0,0.0
TGGGTA,0.0,0.0,0.0,1.0,1.0,1.0
TGGTCC,0.0,0.0,0.0,1.0,0.0,0.0
TTAAGA,0.0,0.0,0.0,1.0,0.0,0.0
TTACAA,0.0,0.0,0.0,1.0,0.0,0.0
TTAGTA,0.0,0.0,0.0,1.0,0.0,0.0
AAAANC,0.0,0.0,0.0,2.0,0.0,0.0
AATGGC,0.0,0.0,0.0,2.0,0.0,0.0
ATAATA,0.0,0.0,0.0,2.0,0.0,1.0
GAAGGT,0.0,0.0,0.0,2.0,0.0,0.0
GCCGAA,0.0,0.0,0.0,2.0,3.0,1.0
GGATTA,0.0,0.0,0.0,2.0,2.0,1.0
TGAAAT,0.0,0.0,0.0,2.0,0.0,0.0
AAAANA,0.0,0.0,0.0,3.0,0.0,0.0
AATATA,0.0,0.0,0.0,3.0,1.0,0.0
AGGTTA,0.0,0.0,0.0,3.0,1.0,2.0
GCCGGC,0.0,0.0,0.0,3.0,1.0,1.0
GTTGCC,0.0,0.0,0.0,3.0,0.0,0.0
AAACTA,0.0,0.0,0.0,0.0,1.0,0.0
AACCCC,0.0,0.0,0.0,0.0,1.0,0.0
AACGGA,0.0,0.0,0.0,0.0,1.0,0.0
AACGGT,0.0,0.0,0.0,0.0,1.0,0.0
AAGGNC,0.0,0.0,0.0,0.0,1.0,0.0
AATCCA,0.0,0.0,0.0,0.0,1.0,0.0
AATCCC,0.0,0.0,0.0,0.0,1.0,1.0
AATGAT,0.0,0.0,0.0,0.0,1.0,0.0
AGATGG,0.0,0.0,0.0,0.0,1.0,0.0
AGATTA,0.0,0.0,0.0,0.0,1.0,0.0
AGCCCA,0.0,0.0,0.0,0.0,1.0,0.0
AGCGCA,0.0,0.0,0.0,0.0,1.0,3.0
ATAGAG,0.0,0.0,0.0,0.0,1.0,0.0
ATGCCA,0.0,0.0,0.0,0.0,1.0,0.0
ATGTTA,0.0,0.0,0.0,0.0,1.0,0.0
CAGAAT,0.0,0.0,0.0,0.0,1.0,0.0
CAGATA,0.0,0.0,0.0,0.0,1.0,0.0
CAGCCA,0.0,0.0,0.0,0.0,1.0,0.0
CAGCCC,0.0,0.0,0.0,0.0,1.0,0.0
CCAAAA,0.0,0.0,0.0,0.0,1.0,0.0
CCGGAA,0.0,0.0,0.0,0.0,1.0,0.0
CGAAGA,0.0,0.0,0.0,0.0,1.0,1.0
CGAATC,0.0,0.0,0.0,0.0,1.0,0.0
CGATAA,0.0,0.0,0.0,0.0,1.0,0.0
CGCGGT,0.0,0.0,0.0,0.0,1.0,0.0
CTGTCA,0.0,0.0,0.0,0.0,1.0,0.0
GAAATG,0.0,0.0,0.0,0.0,1.0,1.0
GAAGCN,0.0,0.0,0.0,0.0,1.0,0.0
GAAGNC,0.0,0.0,0.0,0.0,1.0,0.0
GACGCT,0.0,0.0,0.0,0.0,1.0,0.0
GACGGT,0.0,0.0,0.0,0.0,1.0,2.0
GAGANC,0.0,0.0,0.0,0.0,1.0,0.0
GAGGTG,0.0,0.0,0.0,0.0,1.0,0.0
GAGTAT,0.0,0.0,0.0,0.0,1.0,0.0
GATAAG,0.0,0.0,0.0,0.0,1.0,0.0
GATATA,0.0,0.0,0.0,0.0,1.0,1.0
GCATAA,0.0,0.0,0.0,0.0,1.0,0.0
GCATTT,0.0,0.0,0.0,0.0,1.0,0.0
GGACCT,0.0,0.0,0.0,0.0,1.0,0.0
GGGANG,0.0,0.0,0.0,0.0,1.0,0.0
GGGATG,0.0,0.0,0.0,0.0,1.0,0.0
GTGGGA,0.0,0.0,0.0,0.0,1.0,0.0
TACAAC,0.0,0.0,0.0,0.0,1.0,0.0
TACGGG,0.0,0.0,0.0,0.0,1.0,0.0
TATACG,0.0,0.0,0.0,0.0,1.0,0.0
TCAAAC,0.0,0.0,0.0,0.0,1.0,0.0
TCAGCG,0.0,0.0,0.0,0.0,1.0,0.0
TGAATA,0.0,0.0,0.0,0.0,1.0,0.0
TGCAAA,0.0,0.0,0.0,0.0,1.0,0.0
TGGGTC,0.0,0.0,0.0,0.0,1.0,0.0
TGTTAA,0.0,0.0,0.0,0.0,1.0,0.0
TTAATA,0.0,0.0,0.0,0.0,1.0,0.0
TTAATC,0.0,0.0,0.0,0.0,1.0,0.0
TTGAGA,0.0,0.0,0.0,0.0,1.0,0.0
TTGAGC,0.0,0.0,0.0,0.0,1.0,0.0
TTTAGA,0.0,0.0,0.0,0.0,1.0,0.0
GGTGGC,0.0,0.0,0.0,0.0,2.0,0.0
TGAAGA,0.0,0.0,0.0,0.0,2.0,1.0
TGAATC,0.0,0.0,0.0,0.0,2.0,0.0
TGGATC,0.0,0.0,0.0,0.0,2.0,0.0
AGAAGG,0.0,0.0,0.0,0.0,3.0,0.0
GGGANA,0.0,0.0,0.0,0.0,3.0,1.0
AAAAGG,0.0,0.0,0.0,0.0,0.0,1.0
AAATCG,0.0,0.0,0.0,0.0,0.0,1.0
AAATTC,0.0,0.0,0.0,0.0,0.0,1.0
AAATTT,0.0,0.0,0.0,0.0,0.0,1.0
AAGAAN,0.0,0.0,0.0,0.0,0.0,1.0
AAGCTA,0.0,0.0,0.0,0.0,0.0,1.0
AAGGNA,0.0,0.0,0.0,0.0,0.0,1.0
AAGTAT,0.0,0.0,0.0,0.0,0.0,1.0
AATCAC,0.0,0.0,0.0,0.0,0.0,1.0
AATGAG,0.0,0.0,0.0,0.0,0.0,1.0
AATGGT,0.0,0.0,0.0,0.0,0.0,1.0
AATTTC,0.0,0.0,0.0,0.0,0.0,1.0
AGAGTG,0.0,0.0,0.0,0.0,0.0,1.0
AGCAGA,0.0,0.0,0.0,0.0,0.0,1.0
AGCGCC,0.0,0.0,0.0,0.0,0.0,1.0
AGGAAN,0.0,0.0,0.0,0.0,0.0,1.0
AGTCTA,0.0,0.0,0.0,0.0,0.0,1.0
ATCGCA,0.0,0.0,0.0,0.0,0.0,1.0
CACACA,0.0,0.0,0.0,0.0,0.0,1.0
CAGCAA,0.0,0.0,0.0,0.0,0.0,1.0
CAGGGA,0.0,0.0,0.0,0.0,0.0,1.0
CATAAA,0.0,0.0,0.0,0.0,0.0,1.0
CATAAC,0.0,0.0,0.0,0.0,0.0,1.0
CATGTC,0.0,0.0,0.0,0.0,0.0,1.0
CCAACC,0.0,0.0,0.0,0.0,0.0,1.0
CGAGTC,0.0,0.0,0.0,0.0,0.0,1.0
CGGATA,0.0,0.0,0.0,0.0,0.0,1.0
CGGGGC,0.0,0.0,0.0,0.0,0.0,1.0
CGTAAA,0.0,0.0,0.0,0.0,0.0,1.0
CGTACA,0.0,0.0,0.0,0.0,0.0,1.0
CTAACC,0.0,0.0,0.0,0.0,0.0,1.0
CTGGAC,0.0,0.0,0.0,0.0,0.0,1.0
GAAAGT,0.0,0.0,0.0,0.0,0.0,1.0
GAAANA,0.0,0.0,0.0,0.0,0.0,1.0
GAAATT,0.0,0.0,0.0,0.0,0.0,1.0
GAAGNA,0.0,0.0,0.0,0.0,0.0,1.0
GAAGTG,0.0,0.0,0.0,0.0,0.0,1.0
GACAGC,0.0,0.0,0.0,0.0,0.0,1.0
GAGAGG,0.0,0.0,0.0,0.0,0.0,1.0
GAGCGC,0.0,0.0,0.0,0.0,0.0,1.0
GATTAT,0.0,0.0,0.0,0.0,0.0,1.0
GCATCC,0.0,0.0,0.0,0.0,0.0,1.0
GCCGCA,0.0,0.0,0.0,0.0,0.0,1.0
GCCGCC,0.0,0.0,0.0,0.0,0.0,1.0
GCGAGA,0.0,0.0,0.0,0.0,0.0,1.0
GGAANA,0.0,0.0,0.0,0.0,0.0,1.0
GGAGGT,0.0,0.0,0.0,0.0,0.0,1.0
GGAGNA,0.0,0.0,0.0,0.0,0.0,1.0
GGCACC,0.0,0.0,0.0,0.0,0.0,1.0
GGCCAA,0.0,0.0,0.0,0.0,0.0,1.0
GGGCGA,0.0,0.0,0.0,0.0,0.0,1.0
GTACAA,0.0,0.0,0.0,0.0,0.0,1.0
GTATGA,0.0,0.0,0.0,0.0,0.0,1.0
GTCAAC,0.0,0.0,0.0,0.0,0.0,1.0
GTGATA,0.0,0.0,0.0,0.0,0.0,1.0
TAAATA,0.0,0.0,0.0,0.0,0.0,1.0
TAACCA,0.0,0.0,0.0,0.0,0.0,1.0
TAAGAG,0.0,0.0,0.0,0.0,0.0,1.0
TAAGAT,0.0,0.0,0.0,0.0,0.0,1.0
TAGATC,0.0,0.0,0.0,0.0,0.0,1.0
TAGGGA,0.0,0.0,0.0,0.0,0.0,1.0
TAGGGG,0.0,0.0,0.0,0.0,0.0,1.0
TAGGTA,0.0,0.0,0.0,0.0,0.0,1.0
TCAAGA,0.0,0.0,0.0,0.0,0.0,1.0
TCATAC,0.0,0.0,0.0,0.0,0.0,1.0
TGAGTA,0.0,0.0,0.0,0.0,0.0,1.0
TTTCCA,0.0,0.0,0.0,0.0,0.0,1.0
AGAANA,0.0,0.0,0.0,0.0,0.0,2.0
AGGANC,0.0,0.0,0.0,0.0,0.0,2.0
ATACTC,0.0,0.0,0.0,0.0,0.0,2.0
CGACCC,0.0,0.0,0.0,0.0,0.0,2.0
GACTTA,0.0,0.0,0.0,0.0,0.0,2.0
GTTGAA,0.0,0.0,0.0,0.0,0.0,2.0
GGAGGG,0.0,0.0,0.0,0.0,0.0,3.0
TAAACT,0.0,0.0,0.0,0.0,0.0,3.0
